[{"pk": 1, "model": "instructor.course", "fields": {"term": "Fall 2013", "name": "6.00x Introduction to Computer Science and Programming", "classroom_layout_path": "http://juhokim.com/", "slug": "6.00x"}}, {"pk": 1, "model": "instructor.agent", "fields": {"course": 1, "level": 0, "location": "638,531", "name": "student1", "email": "a@b.com"}}, {"pk": 2, "model": "instructor.agent", "fields": {"course": 1, "level": 0, "location": "641,153", "name": "student2", "email": "a@b.com"}}, {"pk": 3, "model": "instructor.agent", "fields": {"course": 1, "level": 0, "location": "362,560", "name": "student3", "email": "a@b.com"}}, {"pk": 4, "model": "instructor.agent", "fields": {"course": 1, "level": 0, "location": "587,511", "name": "student4", "email": "a@b.com"}}, {"pk": 5, "model": "instructor.agent", "fields": {"course": 1, "level": 0, "location": "612,216", "name": "student5", "email": "a@b.com"}}, {"pk": 6, "model": "instructor.agent", "fields": {"course": 1, "level": 0, "location": "138,327", "name": "student6", "email": "a@b.com"}}, {"pk": 7, "model": "instructor.agent", "fields": {"course": 1, "level": 0, "location": "93,382", "name": "student7", "email": "a@b.com"}}, {"pk": 8, "model": "instructor.agent", "fields": {"course": 1, "level": 0, "location": "73,475", "name": "student8", "email": "a@b.com"}}, {"pk": 9, "model": "instructor.agent", "fields": {"course": 1, "level": 0, "location": "818,371", "name": "student9", "email": "a@b.com"}}, {"pk": 10, "model": "instructor.agent", "fields": {"course": 1, "level": 0, "location": "403,504", "name": "student10", "email": "a@b.com"}}, {"pk": 11, "model": "instructor.agent", "fields": {"course": 1, "level": 0, "location": "", "name": "Juho Kim", "email": "juhokim@edx.org"}}, {"pk": 1, "model": "instructor.student", "fields": {"needs_help": false, "interaction_in_progress": false, "profile_img_path": ""}}, {"pk": 2, "model": "instructor.student", "fields": {"needs_help": false, "interaction_in_progress": false, "profile_img_path": ""}}, {"pk": 3, "model": "instructor.student", "fields": {"needs_help": false, "interaction_in_progress": false, "profile_img_path": ""}}, {"pk": 4, "model": "instructor.student", "fields": {"needs_help": false, "interaction_in_progress": false, "profile_img_path": ""}}, {"pk": 5, "model": "instructor.student", "fields": {"needs_help": false, "interaction_in_progress": false, "profile_img_path": ""}}, {"pk": 6, "model": "instructor.student", "fields": {"needs_help": false, "interaction_in_progress": false, "profile_img_path": ""}}, {"pk": 7, "model": "instructor.student", "fields": {"needs_help": false, "interaction_in_progress": false, "profile_img_path": ""}}, {"pk": 8, "model": "instructor.student", "fields": {"needs_help": false, "interaction_in_progress": false, "profile_img_path": ""}}, {"pk": 9, "model": "instructor.student", "fields": {"needs_help": false, "interaction_in_progress": false, "profile_img_path": ""}}, {"pk": 10, "model": "instructor.student", "fields": {"needs_help": false, "interaction_in_progress": false, "profile_img_path": ""}}, {"pk": 11, "model": "instructor.instructor", "fields": {}}, {"pk": 1, "model": "instructor.session", "fields": {"course": 1, "started_at": "2013-09-01T18:00:00Z", "ended_at": "2013-09-01T19:30:00Z", "name": "Session 1. September 1 2013", "slug": "sep-1-2013"}}, {"pk": 1, "model": "instructor.sessionstudentdata", "fields": {"group": "group5", "num_help_received": 0, "num_help_requested": 0, "session": 1, "student": 1, "progress": "", "badge": "question"}}, {"pk": 2, "model": "instructor.sessionstudentdata", "fields": {"group": "group7", "num_help_received": 0, "num_help_requested": 0, "session": 1, "student": 2, "progress": "", "badge": "question"}}, {"pk": 3, "model": "instructor.sessionstudentdata", "fields": {"group": "group0", "num_help_received": 0, "num_help_requested": 0, "session": 1, "student": 3, "progress": "", "badge": ""}}, {"pk": 4, "model": "instructor.sessionstudentdata", "fields": {"group": "group5", "num_help_received": 0, "num_help_requested": 0, "session": 1, "student": 4, "progress": "", "badge": ""}}, {"pk": 5, "model": "instructor.sessionstudentdata", "fields": {"group": "group3", "num_help_received": 0, "num_help_requested": 0, "session": 1, "student": 7, "progress": "", "badge": ""}}, {"pk": 6, "model": "instructor.sessionstudentdata", "fields": {"group": "group3", "num_help_received": 0, "num_help_requested": 0, "session": 1, "student": 8, "progress": "", "badge": ""}}, {"pk": 7, "model": "instructor.sessionstudentdata", "fields": {"group": "group0", "num_help_received": 0, "num_help_requested": 0, "session": 1, "student": 10, "progress": "", "badge": ""}}, {"pk": 8, "model": "instructor.sessionstudentdata", "fields": {"group": "group7", "num_help_received": 0, "num_help_requested": 0, "session": 1, "student": 5, "progress": "", "badge": ""}}, {"pk": 9, "model": "instructor.sessionstudentdata", "fields": {"group": "group3", "num_help_received": 0, "num_help_requested": 0, "session": 1, "student": 6, "progress": "", "badge": ""}}, {"pk": 10, "model": "instructor.sessionstudentdata", "fields": {"group": "", "num_help_received": 0, "num_help_requested": 0, "session": 1, "student": 9, "progress": "", "badge": ""}}, {"pk": 1, "model": "instructor.tableblock", "fields": {"session": 1, "name": "block1", "location": "153.703125,193.21875"}}, {"pk": 2, "model": "instructor.tableblock", "fields": {"session": 1, "name": "block2", "location": "434.3125,264.515625"}}, {"pk": 3, "model": "instructor.tableblock", "fields": {"session": 1, "name": "block3", "location": "741.3125,228.484375"}}, {"pk": 4, "model": "instructor.tableblock", "fields": {"session": 1, "name": "block4", "location": "98.34375,440.9375"}}, {"pk": 5, "model": "instructor.tableblock", "fields": {"session": 1, "name": "block5", "location": "781.859375,481.484375"}}, {"pk": 6, "model": "instructor.tableblock", "fields": {"session": 1, "name": "block6", "location": "310.65625,670"}}, {"pk": 7, "model": "instructor.tableblock", "fields": {"session": 1, "name": "block7", "location": "613.046875,615.375"}}, {"pk": 1, "model": "instructor.interaction", "fields": {"audio_path": "", "ended_at": "2013-08-07T05:15:14.706Z", "agent_teacher": [], "video_path": "", "is_rejected": false, "agent_learner": [], "started_at": "2013-08-07T05:15:14.706Z", "whiteboard_path": ""}}, {"pk": 2, "model": "instructor.interaction", "fields": {"audio_path": "", "ended_at": "2013-08-07T05:15:37.352Z", "agent_teacher": [], "video_path": "", "is_rejected": false, "agent_learner": [], "started_at": "2013-08-07T05:15:37.352Z", "whiteboard_path": ""}}, {"pk": 3, "model": "instructor.interaction", "fields": {"audio_path": "", "ended_at": "2013-08-07T05:15:54.003Z", "agent_teacher": [], "video_path": "", "is_rejected": false, "agent_learner": [], "started_at": "2013-08-07T05:15:54.003Z", "whiteboard_path": ""}}, {"pk": 4, "model": "instructor.interaction", "fields": {"audio_path": "", "ended_at": "2013-08-07T05:17:09.827Z", "agent_teacher": [], "video_path": "", "is_rejected": false, "agent_learner": [], "started_at": "2013-08-07T05:17:09.827Z", "whiteboard_path": ""}}, {"pk": 5, "model": "instructor.interaction", "fields": {"audio_path": "", "ended_at": "2013-08-07T05:17:27.265Z", "agent_teacher": [], "video_path": "", "is_rejected": false, "agent_learner": [], "started_at": "2013-08-07T05:17:27.265Z", "whiteboard_path": ""}}, {"pk": 6, "model": "instructor.interaction", "fields": {"audio_path": "", "ended_at": "2013-08-07T05:17:46.358Z", "agent_teacher": [], "video_path": "", "is_rejected": false, "agent_learner": [], "started_at": "2013-08-07T05:17:46.358Z", "whiteboard_path": ""}}, {"pk": 7, "model": "instructor.interaction", "fields": {"audio_path": "", "ended_at": "2013-08-07T05:17:52.572Z", "agent_teacher": [], "video_path": "", "is_rejected": false, "agent_learner": [], "started_at": "2013-08-07T05:17:52.572Z", "whiteboard_path": ""}}, {"pk": 8, "model": "instructor.interaction", "fields": {"audio_path": "", "ended_at": "2013-08-07T05:17:56.846Z", "agent_teacher": [], "video_path": "", "is_rejected": false, "agent_learner": [], "started_at": "2013-08-07T05:17:56.846Z", "whiteboard_path": ""}}, {"pk": 9, "model": "instructor.interaction", "fields": {"audio_path": "", "ended_at": "2013-08-07T05:18:09.613Z", "agent_teacher": [], "video_path": "", "is_rejected": false, "agent_learner": [], "started_at": "2013-08-07T05:18:09.613Z", "whiteboard_path": ""}}, {"pk": 10, "model": "instructor.interaction", "fields": {"audio_path": "", "ended_at": "2013-08-07T05:18:38.455Z", "agent_teacher": [], "video_path": "", "is_rejected": false, "agent_learner": [], "started_at": "2013-08-07T05:18:38.455Z", "whiteboard_path": ""}}, {"pk": 11, "model": "instructor.interaction", "fields": {"audio_path": "", "ended_at": "2013-08-07T05:19:29.624Z", "agent_teacher": [], "video_path": "", "is_rejected": false, "agent_learner": [], "started_at": "2013-08-07T05:19:29.624Z", "whiteboard_path": ""}}, {"pk": 12, "model": "instructor.interaction", "fields": {"audio_path": "", "ended_at": "2013-08-07T05:20:35.880Z", "agent_teacher": [], "video_path": "", "is_rejected": false, "agent_learner": [], "started_at": "2013-08-07T05:20:35.880Z", "whiteboard_path": ""}}, {"pk": 13, "model": "instructor.interaction", "fields": {"audio_path": "", "ended_at": "2013-08-07T05:22:59.219Z", "agent_teacher": [], "video_path": "", "is_rejected": false, "agent_learner": [], "started_at": "2013-08-07T05:22:59.219Z", "whiteboard_path": ""}}, {"pk": 14, "model": "instructor.interaction", "fields": {"audio_path": "", "ended_at": "2013-08-07T05:25:40.911Z", "agent_teacher": [], "video_path": "", "is_rejected": false, "agent_learner": [], "started_at": "2013-08-07T05:25:40.911Z", "whiteboard_path": ""}}, {"pk": 15, "model": "instructor.interaction", "fields": {"audio_path": "", "ended_at": "2013-08-07T05:30:33.130Z", "agent_teacher": [], "video_path": "", "is_rejected": false, "agent_learner": [], "started_at": "2013-08-07T05:30:33.130Z", "whiteboard_path": ""}}, {"pk": 16, "model": "instructor.interaction", "fields": {"audio_path": "", "ended_at": "2013-08-07T05:30:50.002Z", "agent_teacher": [], "video_path": "", "is_rejected": false, "agent_learner": [], "started_at": "2013-08-07T05:30:50.002Z", "whiteboard_path": ""}}, {"pk": 17, "model": "instructor.interaction", "fields": {"audio_path": "", "ended_at": "2013-08-07T05:42:21.180Z", "agent_teacher": [], "video_path": "", "is_rejected": false, "agent_learner": [], "started_at": "2013-08-07T05:42:21.180Z", "whiteboard_path": ""}}, {"pk": 18, "model": "instructor.interaction", "fields": {"audio_path": "", "ended_at": "2013-08-07T05:42:51.011Z", "agent_teacher": [], "video_path": "", "is_rejected": false, "agent_learner": [], "started_at": "2013-08-07T05:42:51.011Z", "whiteboard_path": ""}}, {"pk": 19, "model": "instructor.interaction", "fields": {"audio_path": "", "ended_at": "2013-08-07T05:43:41.752Z", "agent_teacher": [], "video_path": "", "is_rejected": false, "agent_learner": [], "started_at": "2013-08-07T05:43:41.752Z", "whiteboard_path": ""}}, {"pk": 20, "model": "instructor.interaction", "fields": {"audio_path": "", "ended_at": "2013-08-07T05:55:40.150Z", "agent_teacher": [], "video_path": "", "is_rejected": false, "agent_learner": [], "started_at": "2013-08-07T05:55:40.150Z", "whiteboard_path": ""}}, {"pk": 21, "model": "instructor.interaction", "fields": {"audio_path": "", "ended_at": "2013-08-07T05:56:21.352Z", "agent_teacher": [], "video_path": "", "is_rejected": false, "agent_learner": [], "started_at": "2013-08-07T05:56:21.352Z", "whiteboard_path": ""}}, {"pk": 22, "model": "instructor.interaction", "fields": {"audio_path": "", "ended_at": "2013-08-07T05:58:20.730Z", "agent_teacher": [], "video_path": "", "is_rejected": false, "agent_learner": [], "started_at": "2013-08-07T05:58:20.730Z", "whiteboard_path": ""}}, {"pk": 23, "model": "instructor.interaction", "fields": {"audio_path": "", "ended_at": "2013-08-07T06:02:09.330Z", "agent_teacher": [], "video_path": "", "is_rejected": false, "agent_learner": [], "started_at": "2013-08-07T06:02:09.330Z", "whiteboard_path": ""}}, {"pk": 24, "model": "instructor.interaction", "fields": {"audio_path": "", "ended_at": "2013-08-07T06:02:35.580Z", "agent_teacher": [], "video_path": "", "is_rejected": false, "agent_learner": [], "started_at": "2013-08-07T06:02:35.580Z", "whiteboard_path": ""}}, {"pk": 25, "model": "instructor.interaction", "fields": {"audio_path": "", "ended_at": "2013-08-07T06:02:51.626Z", "agent_teacher": [], "video_path": "", "is_rejected": false, "agent_learner": [], "started_at": "2013-08-07T06:02:51.626Z", "whiteboard_path": ""}}, {"pk": 26, "model": "instructor.interaction", "fields": {"audio_path": "", "ended_at": "2013-08-07T06:03:12.477Z", "agent_teacher": [], "video_path": "", "is_rejected": false, "agent_learner": [], "started_at": "2013-08-07T06:03:12.477Z", "whiteboard_path": ""}}, {"pk": 27, "model": "instructor.interaction", "fields": {"audio_path": "", "ended_at": "2013-08-07T06:03:47.770Z", "agent_teacher": [], "video_path": "", "is_rejected": false, "agent_learner": [], "started_at": "2013-08-07T06:03:47.770Z", "whiteboard_path": ""}}, {"pk": 28, "model": "instructor.interaction", "fields": {"audio_path": "", "ended_at": "2013-08-07T06:06:37.959Z", "agent_teacher": [], "video_path": "", "is_rejected": false, "agent_learner": [], "started_at": "2013-08-07T06:06:37.959Z", "whiteboard_path": ""}}, {"pk": 29, "model": "instructor.interaction", "fields": {"audio_path": "", "ended_at": "2013-08-07T06:07:05.461Z", "agent_teacher": [], "video_path": "", "is_rejected": false, "agent_learner": [], "started_at": "2013-08-07T06:07:05.461Z", "whiteboard_path": ""}}, {"pk": 30, "model": "instructor.interaction", "fields": {"audio_path": "", "ended_at": "2013-08-07T06:10:24.175Z", "agent_teacher": [], "video_path": "", "is_rejected": false, "agent_learner": [], "started_at": "2013-08-07T06:10:24.175Z", "whiteboard_path": ""}}, {"pk": 31, "model": "instructor.interaction", "fields": {"audio_path": "", "ended_at": "2013-08-07T06:12:35.677Z", "agent_teacher": [], "video_path": "", "is_rejected": false, "agent_learner": [], "started_at": "2013-08-07T06:12:35.677Z", "whiteboard_path": ""}}, {"pk": 32, "model": "instructor.interaction", "fields": {"audio_path": "", "ended_at": "2013-08-07T06:13:42.420Z", "agent_teacher": [], "video_path": "", "is_rejected": false, "agent_learner": [], "started_at": "2013-08-07T06:13:42.420Z", "whiteboard_path": ""}}, {"pk": 33, "model": "instructor.interaction", "fields": {"audio_path": "", "ended_at": "2013-08-07T06:15:03.016Z", "agent_teacher": [], "video_path": "", "is_rejected": false, "agent_learner": [], "started_at": "2013-08-07T06:15:03.016Z", "whiteboard_path": ""}}, {"pk": 34, "model": "instructor.interaction", "fields": {"audio_path": "", "ended_at": "2013-08-07T06:16:33.914Z", "agent_teacher": [], "video_path": "", "is_rejected": false, "agent_learner": [], "started_at": "2013-08-07T06:16:33.914Z", "whiteboard_path": ""}}, {"pk": 35, "model": "instructor.interaction", "fields": {"audio_path": "", "ended_at": "2013-08-07T06:17:26.343Z", "agent_teacher": [], "video_path": "", "is_rejected": false, "agent_learner": [], "started_at": "2013-08-07T06:17:26.343Z", "whiteboard_path": ""}}, {"pk": 36, "model": "instructor.interaction", "fields": {"audio_path": "", "ended_at": "2013-08-07T06:17:57.487Z", "agent_teacher": [], "video_path": "", "is_rejected": false, "agent_learner": [], "started_at": "2013-08-07T06:17:57.487Z", "whiteboard_path": ""}}, {"pk": 37, "model": "instructor.interaction", "fields": {"audio_path": "", "ended_at": "2013-08-07T06:25:59.197Z", "agent_teacher": [], "video_path": "", "is_rejected": false, "agent_learner": [], "started_at": "2013-08-07T06:25:59.197Z", "whiteboard_path": ""}}, {"pk": 38, "model": "instructor.interaction", "fields": {"audio_path": "", "ended_at": "2013-08-07T06:26:15.957Z", "agent_teacher": [], "video_path": "", "is_rejected": false, "agent_learner": [], "started_at": "2013-08-07T06:26:15.957Z", "whiteboard_path": ""}}, {"pk": 39, "model": "instructor.interaction", "fields": {"audio_path": "", "ended_at": "2013-08-07T06:27:16.378Z", "agent_teacher": [], "video_path": "", "is_rejected": false, "agent_learner": [], "started_at": "2013-08-07T06:27:16.378Z", "whiteboard_path": ""}}, {"pk": 40, "model": "instructor.interaction", "fields": {"audio_path": "", "ended_at": "2013-08-07T06:28:01.859Z", "agent_teacher": [], "video_path": "", "is_rejected": false, "agent_learner": [], "started_at": "2013-08-07T06:28:01.859Z", "whiteboard_path": ""}}, {"pk": 41, "model": "instructor.interaction", "fields": {"audio_path": "", "ended_at": "2013-08-07T06:28:05.859Z", "agent_teacher": [], "video_path": "", "is_rejected": false, "agent_learner": [], "started_at": "2013-08-07T06:28:05.859Z", "whiteboard_path": ""}}, {"pk": 42, "model": "instructor.interaction", "fields": {"audio_path": "", "ended_at": "2013-08-07T06:29:04.303Z", "agent_teacher": [], "video_path": "", "is_rejected": false, "agent_learner": [], "started_at": "2013-08-07T06:29:04.303Z", "whiteboard_path": ""}}, {"pk": 43, "model": "instructor.interaction", "fields": {"audio_path": "", "ended_at": "2013-08-07T06:29:05.793Z", "agent_teacher": [], "video_path": "", "is_rejected": false, "agent_learner": [], "started_at": "2013-08-07T06:29:05.793Z", "whiteboard_path": ""}}, {"pk": 44, "model": "instructor.interaction", "fields": {"audio_path": "", "ended_at": "2013-08-07T06:29:11.006Z", "agent_teacher": [], "video_path": "", "is_rejected": false, "agent_learner": [], "started_at": "2013-08-07T06:29:11.006Z", "whiteboard_path": ""}}, {"pk": 45, "model": "instructor.interaction", "fields": {"audio_path": "", "ended_at": "2013-08-07T06:29:25.084Z", "agent_teacher": [], "video_path": "", "is_rejected": false, "agent_learner": [], "started_at": "2013-08-07T06:29:25.084Z", "whiteboard_path": ""}}, {"pk": 46, "model": "instructor.interaction", "fields": {"audio_path": "", "ended_at": "2013-08-07T06:29:32.832Z", "agent_teacher": [], "video_path": "", "is_rejected": false, "agent_learner": [], "started_at": "2013-08-07T06:29:32.832Z", "whiteboard_path": ""}}, {"pk": 47, "model": "instructor.interaction", "fields": {"audio_path": "", "ended_at": "2013-08-07T06:29:36.597Z", "agent_teacher": [], "video_path": "", "is_rejected": false, "agent_learner": [], "started_at": "2013-08-07T06:29:36.597Z", "whiteboard_path": ""}}, {"pk": 48, "model": "instructor.interaction", "fields": {"audio_path": "", "ended_at": "2013-08-07T06:29:39.246Z", "agent_teacher": [], "video_path": "", "is_rejected": false, "agent_learner": [], "started_at": "2013-08-07T06:29:39.246Z", "whiteboard_path": ""}}, {"pk": 49, "model": "instructor.interaction", "fields": {"audio_path": "", "ended_at": "2013-08-07T06:30:03.864Z", "agent_teacher": [], "video_path": "", "is_rejected": false, "agent_learner": [], "started_at": "2013-08-07T06:30:03.864Z", "whiteboard_path": ""}}, {"pk": 50, "model": "instructor.interaction", "fields": {"audio_path": "", "ended_at": "2013-08-07T06:30:48.769Z", "agent_teacher": [], "video_path": "", "is_rejected": false, "agent_learner": [], "started_at": "2013-08-07T06:30:48.769Z", "whiteboard_path": ""}}, {"pk": 51, "model": "instructor.interaction", "fields": {"audio_path": "", "ended_at": "2013-08-07T06:32:50.842Z", "agent_teacher": [], "video_path": "", "is_rejected": false, "agent_learner": [], "started_at": "2013-08-07T06:32:50.842Z", "whiteboard_path": ""}}, {"pk": 52, "model": "instructor.interaction", "fields": {"audio_path": "", "ended_at": "2013-08-07T06:35:15.162Z", "agent_teacher": [], "video_path": "", "is_rejected": false, "agent_learner": [], "started_at": "2013-08-07T06:35:15.162Z", "whiteboard_path": ""}}, {"pk": 53, "model": "instructor.interaction", "fields": {"audio_path": "", "ended_at": "2013-08-07T06:35:25.151Z", "agent_teacher": [], "video_path": "", "is_rejected": false, "agent_learner": [], "started_at": "2013-08-07T06:35:25.151Z", "whiteboard_path": ""}}, {"pk": 54, "model": "instructor.interaction", "fields": {"audio_path": "", "ended_at": "2013-08-07T06:37:15.034Z", "agent_teacher": [], "video_path": "", "is_rejected": false, "agent_learner": [], "started_at": "2013-08-07T06:37:15.034Z", "whiteboard_path": ""}}, {"pk": 55, "model": "instructor.interaction", "fields": {"audio_path": "", "ended_at": "2013-08-07T06:37:46.157Z", "agent_teacher": [], "video_path": "", "is_rejected": false, "agent_learner": [], "started_at": "2013-08-07T06:37:46.157Z", "whiteboard_path": ""}}, {"pk": 56, "model": "instructor.interaction", "fields": {"audio_path": "", "ended_at": "2013-08-07T06:38:08.408Z", "agent_teacher": [], "video_path": "", "is_rejected": false, "agent_learner": [], "started_at": "2013-08-07T06:38:08.408Z", "whiteboard_path": ""}}, {"pk": 57, "model": "instructor.interaction", "fields": {"audio_path": "", "ended_at": "2013-08-07T06:38:21.485Z", "agent_teacher": [], "video_path": "", "is_rejected": false, "agent_learner": [], "started_at": "2013-08-07T06:38:21.485Z", "whiteboard_path": ""}}, {"pk": 58, "model": "instructor.interaction", "fields": {"audio_path": "", "ended_at": "2013-08-07T06:41:29.678Z", "agent_teacher": [], "video_path": "", "is_rejected": false, "agent_learner": [], "started_at": "2013-08-07T06:41:29.678Z", "whiteboard_path": ""}}, {"pk": 59, "model": "instructor.interaction", "fields": {"audio_path": "", "ended_at": "2013-08-07T06:41:35.400Z", "agent_teacher": [], "video_path": "", "is_rejected": false, "agent_learner": [], "started_at": "2013-08-07T06:41:35.400Z", "whiteboard_path": ""}}, {"pk": 60, "model": "instructor.interaction", "fields": {"audio_path": "", "ended_at": "2013-08-07T06:42:02.463Z", "agent_teacher": [], "video_path": "", "is_rejected": false, "agent_learner": [], "started_at": "2013-08-07T06:42:02.463Z", "whiteboard_path": ""}}, {"pk": 61, "model": "instructor.interaction", "fields": {"audio_path": "", "ended_at": "2013-08-07T06:42:27.630Z", "agent_teacher": [], "video_path": "", "is_rejected": false, "agent_learner": [], "started_at": "2013-08-07T06:42:27.630Z", "whiteboard_path": ""}}, {"pk": 62, "model": "instructor.interaction", "fields": {"audio_path": "", "ended_at": "2013-08-07T06:43:01.631Z", "agent_teacher": [], "video_path": "", "is_rejected": false, "agent_learner": [], "started_at": "2013-08-07T06:43:01.631Z", "whiteboard_path": ""}}, {"pk": 63, "model": "instructor.interaction", "fields": {"audio_path": "", "ended_at": "2013-08-07T06:43:52.409Z", "agent_teacher": [], "video_path": "", "is_rejected": false, "agent_learner": [], "started_at": "2013-08-07T06:43:52.409Z", "whiteboard_path": ""}}, {"pk": 64, "model": "instructor.interaction", "fields": {"audio_path": "", "ended_at": "2013-08-07T06:44:02.249Z", "agent_teacher": [], "video_path": "", "is_rejected": false, "agent_learner": [], "started_at": "2013-08-07T06:44:02.249Z", "whiteboard_path": ""}}, {"pk": 65, "model": "instructor.interaction", "fields": {"audio_path": "", "ended_at": "2013-08-07T07:05:53.872Z", "agent_teacher": [], "video_path": "", "is_rejected": false, "agent_learner": [], "started_at": "2013-08-07T07:05:53.872Z", "whiteboard_path": ""}}, {"pk": 66, "model": "instructor.interaction", "fields": {"audio_path": "", "ended_at": "2013-08-07T07:06:10.703Z", "agent_teacher": [], "video_path": "", "is_rejected": false, "agent_learner": [], "started_at": "2013-08-07T07:06:10.703Z", "whiteboard_path": ""}}, {"pk": 67, "model": "instructor.interaction", "fields": {"audio_path": "", "ended_at": "2013-08-07T07:15:35.365Z", "agent_teacher": [], "video_path": "", "is_rejected": false, "agent_learner": [], "started_at": "2013-08-07T07:15:35.365Z", "whiteboard_path": ""}}, {"pk": 68, "model": "instructor.interaction", "fields": {"audio_path": "", "ended_at": "2013-08-07T07:15:47.490Z", "agent_teacher": [], "video_path": "", "is_rejected": false, "agent_learner": [], "started_at": "2013-08-07T07:15:47.490Z", "whiteboard_path": ""}}, {"pk": 69, "model": "instructor.interaction", "fields": {"audio_path": "", "ended_at": "2013-08-07T07:17:47.639Z", "agent_teacher": [], "video_path": "", "is_rejected": false, "agent_learner": [], "started_at": "2013-08-07T07:17:47.639Z", "whiteboard_path": ""}}, {"pk": 70, "model": "instructor.interaction", "fields": {"audio_path": "", "ended_at": "2013-08-07T07:17:53.250Z", "agent_teacher": [], "video_path": "", "is_rejected": false, "agent_learner": [], "started_at": "2013-08-07T07:17:53.250Z", "whiteboard_path": ""}}, {"pk": 71, "model": "instructor.interaction", "fields": {"audio_path": "", "ended_at": "2013-08-07T07:18:14.945Z", "agent_teacher": [], "video_path": "", "is_rejected": false, "agent_learner": [], "started_at": "2013-08-07T07:18:14.945Z", "whiteboard_path": ""}}, {"pk": 72, "model": "instructor.interaction", "fields": {"audio_path": "", "ended_at": "2013-08-07T15:17:22.771Z", "agent_teacher": [], "video_path": "", "is_rejected": false, "agent_learner": [], "started_at": "2013-08-07T15:17:22.771Z", "whiteboard_path": ""}}, {"pk": 73, "model": "instructor.interaction", "fields": {"audio_path": "", "ended_at": "2013-08-07T15:17:41.935Z", "agent_teacher": [], "video_path": "", "is_rejected": false, "agent_learner": [], "started_at": "2013-08-07T15:17:41.935Z", "whiteboard_path": ""}}, {"pk": 74, "model": "instructor.interaction", "fields": {"audio_path": "", "ended_at": "2013-08-07T15:51:03.774Z", "agent_teacher": [], "video_path": "", "is_rejected": false, "agent_learner": [], "started_at": "2013-08-07T15:51:03.774Z", "whiteboard_path": ""}}, {"pk": 75, "model": "instructor.interaction", "fields": {"audio_path": "", "ended_at": "2013-08-07T15:51:37.002Z", "agent_teacher": [], "video_path": "", "is_rejected": false, "agent_learner": [], "started_at": "2013-08-07T15:51:37.002Z", "whiteboard_path": ""}}, {"pk": 76, "model": "instructor.interaction", "fields": {"audio_path": "", "ended_at": "2013-08-07T15:51:45.614Z", "agent_teacher": [], "video_path": "", "is_rejected": false, "agent_learner": [], "started_at": "2013-08-07T15:51:45.614Z", "whiteboard_path": ""}}, {"pk": 77, "model": "instructor.interaction", "fields": {"audio_path": "", "ended_at": "2013-08-07T16:44:42.011Z", "agent_teacher": [], "video_path": "", "is_rejected": false, "agent_learner": [], "started_at": "2013-08-07T16:44:42.011Z", "whiteboard_path": ""}}, {"pk": 78, "model": "instructor.interaction", "fields": {"audio_path": "", "ended_at": "2013-08-07T16:45:22.091Z", "agent_teacher": [], "video_path": "", "is_rejected": false, "agent_learner": [], "started_at": "2013-08-07T16:45:22.091Z", "whiteboard_path": ""}}, {"pk": 79, "model": "instructor.interaction", "fields": {"audio_path": "", "ended_at": "2013-08-07T16:45:41.011Z", "agent_teacher": [], "video_path": "", "is_rejected": false, "agent_learner": [], "started_at": "2013-08-07T16:45:41.011Z", "whiteboard_path": ""}}, {"pk": 80, "model": "instructor.interaction", "fields": {"audio_path": "", "ended_at": "2013-08-07T16:46:19.916Z", "agent_teacher": [], "video_path": "", "is_rejected": false, "agent_learner": [], "started_at": "2013-08-07T16:46:19.916Z", "whiteboard_path": ""}}, {"pk": 81, "model": "instructor.interaction", "fields": {"audio_path": "", "ended_at": "2013-08-07T17:07:00.647Z", "agent_teacher": [], "video_path": "", "is_rejected": false, "agent_learner": [], "started_at": "2013-08-07T17:07:00.647Z", "whiteboard_path": ""}}, {"pk": 82, "model": "instructor.interaction", "fields": {"audio_path": "", "ended_at": "2013-08-07T17:10:13.293Z", "agent_teacher": [], "video_path": "", "is_rejected": false, "agent_learner": [], "started_at": "2013-08-07T17:10:13.293Z", "whiteboard_path": ""}}, {"pk": 83, "model": "instructor.interaction", "fields": {"audio_path": "", "ended_at": "2013-08-07T18:12:05.025Z", "agent_teacher": [], "video_path": "", "is_rejected": false, "agent_learner": [], "started_at": "2013-08-07T18:12:05.025Z", "whiteboard_path": ""}}, {"pk": 84, "model": "instructor.interaction", "fields": {"audio_path": "", "ended_at": "2013-08-07T18:54:43.842Z", "agent_teacher": [], "video_path": "", "is_rejected": false, "agent_learner": [], "started_at": "2013-08-07T18:54:43.842Z", "whiteboard_path": ""}}, {"pk": 85, "model": "instructor.interaction", "fields": {"audio_path": "", "ended_at": "2013-08-07T18:59:06.244Z", "agent_teacher": [], "video_path": "", "is_rejected": false, "agent_learner": [], "started_at": "2013-08-07T18:59:06.244Z", "whiteboard_path": ""}}, {"pk": 86, "model": "instructor.interaction", "fields": {"audio_path": "", "ended_at": "2013-08-07T20:14:02.007Z", "agent_teacher": [], "video_path": "", "is_rejected": false, "agent_learner": [], "started_at": "2013-08-07T20:14:02.007Z", "whiteboard_path": ""}}, {"pk": 87, "model": "instructor.interaction", "fields": {"audio_path": "", "ended_at": "2013-08-08T18:28:03.923Z", "agent_teacher": [], "video_path": "", "is_rejected": false, "agent_learner": [], "started_at": "2013-08-08T18:28:03.922Z", "whiteboard_path": ""}}, {"pk": 88, "model": "instructor.interaction", "fields": {"audio_path": "", "ended_at": "2013-08-08T21:05:48.741Z", "agent_teacher": [], "video_path": "", "is_rejected": false, "agent_learner": [], "started_at": "2013-08-08T21:05:48.741Z", "whiteboard_path": ""}}, {"pk": 89, "model": "instructor.interaction", "fields": {"audio_path": "", "ended_at": "2013-08-08T21:06:52.515Z", "agent_teacher": [], "video_path": "", "is_rejected": false, "agent_learner": [], "started_at": "2013-08-08T21:06:52.515Z", "whiteboard_path": ""}}, {"pk": 90, "model": "instructor.interaction", "fields": {"audio_path": "", "ended_at": "2013-08-08T21:15:16.275Z", "agent_teacher": [], "video_path": "", "is_rejected": false, "agent_learner": [], "started_at": "2013-08-08T21:15:16.275Z", "whiteboard_path": ""}}]